translation_id,target_hyperedges,attribute_vertices,nonzero_incidences,incidence_density,mean_attributes_per_target,weighted_incidence_sum,incidence_entropy_bits
butcher_lang_1879,90,133,1017,0.0849624060150376,11.3,2144.67595,8.877917867242864
butler_1900,89,118,821,0.07817558560274233,9.224719101123595,1134.0074,9.076181753262478
chapman_1616,88,125,1141,0.10372727272727272,12.965909090909092,1595.51255,9.636856671812971
cowper_1791,86,137,1017,0.08631811237480903,11.825581395348838,1382.16875,9.206711965363205
murray_1919,94,129,1054,0.08692066633679696,11.212765957446809,1836.4814500000002,9.111578882738462
pope_1726,89,141,1320,0.10518766435572556,14.831460674157304,1728.9257,9.824092244583717
