translation_id,translator,year,form,corpus_words,event_count,weighted_event_count,mean_extraction_confidence,median_extraction_confidence,events_per_10k_words,weighted_events_per_10k_words
butcher_lang_1879,S. H. Butcher and Andrew Lang,1879,prose,136111,2612,1906.1749,0.8096928024502298,0.8597,191.9021974711816,140.04561718009566
butler_1900,Samuel Butler,1900,prose,126812,1424,994.3357,0.775327738764045,0.8428,112.29221209349274,78.41022143014857
chapman_1616,George Chapman,1616,verse,138361,1952,1394.9786,0.7817552254098361,0.8358,141.0802176914015,100.82166217358936
cowper_1791,William Cowper,1791,verse,113783,1736,1211.09215,0.775801440092166,0.8358,152.5711222238823,106.4387606232917
murray_1919,A. T. Murray,1919,prose,136668,2372,1503.8211,0.713072934232715,0.7369,173.5592823484649,110.03461673544648
pope_1726,Alexander Pope,1726,verse,111063,2080,1533.53755,0.7861060576923077,0.8358,187.28109271314477,138.07816734646102
